Administrative District,Year,Total Enrollment,Grade 3K,Grade PK (Half Day & Full Day),Grade K,Grade 1,Grade 2,Grade 3,Grade 4,Grade 5,Grade 6,Grade 7,Grade 8,Grade 9,Grade 10,Grade 11,Grade 12,# Female,% Female,# Male,% Male,# Asian,% Asian,# Black,% Black,# Hispanic,% Hispanic,# Multi-Racial,% Multi-Racial,# Native American,% Native American,# White,% White,# Missing Race/Ethnicity Data,% Missing Race/Ethnicity Data,# Students with Disabilities,% Students with Disabilities,# English Language Learners,% English Language Learners,# Poverty,% Poverty,Economic Need Index
01,2017-18,"11,632",0,800,851,846,854,862,839,813,786,798,843,729,959,905,747,"5,590",48.1%,"6,042",51.9%,"2,517",21.6%,"1,800",15.5%,"4,887",42.0%,306,2.6%,71,0.6%,"2,022",17.4%,29,0.2%,"2,528",21.7%,"1,016",8.7%,"7,682",66.0%,67.0%
01,2018-19,"11,376",0,759,799,850,816,838,839,832,750,780,782,746,928,813,844,"5,457",48.0%,"5,919",52.0%,"2,443",21.5%,"1,758",15.5%,"4,695",41.3%,337,3.0%,60,0.5%,"2,045",18.0%,38,0.3%,"2,597",22.8%,966,8.5%,"7,314",64.3%,66.1%
01,2019-20,"11,506",211,749,812,782,848,813,818,831,758,765,793,817,873,801,835,"5,517",47.9%,"5,989",52.1%,"2,442",21.2%,"1,747",15.2%,"4,689",40.8%,383,3.3%,63,0.5%,"2,056",17.9%,126,1.1%,"2,593",22.5%,919,8.0%,"7,419",64.5%,67.7%
01,2020-21,"11,021",209,623,728,762,746,787,775,788,755,752,756,830,894,825,791,"5,278",47.9%,"5,743",52.1%,"2,331",21.2%,"1,630",14.8%,"4,483",40.7%,427,3.9%,57,0.5%,"1,992",18.1%,101,0.9%,"2,501",22.7%,919,8.3%,"7,087",64.3%,67.0%
01,2021-22,"10,327",347,524,685,701,686,680,707,717,707,687,718,756,815,784,813,"4,958",48.0%,"5,369",52.0%,"2,110",20.4%,"1,570",15.2%,"4,289",41.5%,417,4.0%,53,0.5%,"1,859",18.0%,29,0.3%,"2,355",22.8%,814,7.9%,"6,463",62.6%,65.3%
02,2017-18,"63,497",0,"2,558","3,193","2,961","2,873","2,750","2,777","2,864","2,743","2,580","2,548","9,515","9,609","8,353","8,173","33,172",52.2%,"30,316",47.7%,"14,213",22.4%,"9,391",14.8%,"20,623",32.5%,"1,897",3.0%,336,0.5%,"16,360",25.8%,677,1.1%,"10,882",17.1%,"5,392",8.5%,"34,971",55.1%,54.3%
02,2018-19,"62,973",0,"2,665","3,033","3,077","2,830","2,773","2,710","2,698","2,816","2,691","2,600","9,511","9,025","8,608","7,936","32,786",52.1%,"30,187",47.9%,"13,978",22.2%,"8,865",14.1%,"20,355",32.3%,"2,127",3.4%,353,0.6%,"16,659",26.5%,636,1.0%,"11,080",17.6%,"5,049",8.0%,"33,493",53.2%,52.9%
02,2019-20,"62,820",235,"2,731","3,128","2,896","2,978","2,772","2,712","2,667","2,780","2,757","2,701","9,113","9,118","8,073","8,159","32,668",52.0%,"30,152",48.0%,"13,918",22.2%,"8,629",13.7%,"20,153",32.1%,"2,251",3.6%,354,0.6%,"16,983",27.0%,532,0.8%,"11,015",17.5%,"4,647",7.4%,"32,756",52.1%,53.5%
02,2020-21,"60,327",187,"2,416","2,695","2,622","2,506","2,600","2,525","2,481","2,625","2,638","2,674","9,135","8,992","8,535","7,696","31,440",52.1%,"28,887",47.9%,"13,455",22.3%,"8,338",13.8%,"19,782",32.8%,"2,169",3.6%,352,0.6%,"15,503",25.7%,728,1.2%,"10,992",18.2%,"4,835",8.0%,"32,302",53.5%,54.1%
02,2021-22,"57,900",837,"2,093","2,518","2,441","2,328","2,272","2,362","2,281","2,325","2,398","2,490","8,602","8,841","8,076","8,036","30,372",52.5%,"27,528",47.5%,"12,784",22.1%,"8,010",13.8%,"19,190",33.1%,"2,209",3.8%,370,0.6%,"14,647",25.3%,690,1.2%,"10,364",17.9%,"4,766",8.2%,"30,364",52.4%,53.0%
03,2017-18,"22,667",0,"1,144","1,295","1,388","1,442","1,437","1,401","1,361","1,390","1,464","1,427","2,353","2,370","2,234","1,961","12,192",53.8%,"10,465",46.2%,"1,875",8.3%,"4,873",21.5%,"7,332",32.3%,852,3.8%,119,0.5%,"7,349",32.4%,267,1.2%,"4,026",17.8%,"1,140",5.0%,"11,293",49.8%,50.1%
03,2018-19,"22,577",0,"1,198","1,348","1,289","1,340","1,418","1,386","1,380","1,474","1,396","1,470","2,216","2,408","2,168","2,086","12,160",53.9%,"10,417",46.1%,"1,936",8.6%,"4,712",20.9%,"7,172",31.8%,906,4.0%,118,0.5%,"7,440",33.0%,293,1.3%,"4,145",18.4%,"1,070",4.7%,"11,050",48.9%,48.9%
03,2019-20,"22,564",202,"1,184","1,384","1,300","1,243","1,334","1,369","1,345","1,408","1,454","1,365","2,460","2,202","2,225","2,089","12,268",54.4%,"10,296",45.6%,"2,049",9.1%,"4,464",19.8%,"7,097",31.5%,931,4.1%,116,0.5%,"7,443",33.0%,464,2.1%,"4,177",18.5%,954,4.2%,"10,515",46.6%,49.8%
03,2020-21,"21,084",207,961,"1,166","1,195","1,153","1,131","1,185","1,257","1,324","1,342","1,427","2,025","2,478","2,090","2,143","11,412",54.1%,"9,672",45.9%,"2,007",9.5%,"4,057",19.2%,"6,778",32.1%,903,4.3%,122,0.6%,"6,669",31.6%,548,2.6%,"4,017",19.1%,939,4.5%,"10,107",47.9%,50.0%
03,2021-22,"19,766",394,923,"1,057","1,088","1,095","1,049","1,040","1,134","1,216","1,253","1,306","1,888","1,993","2,344","1,986","10,770",54.5%,"8,996",45.5%,"1,946",9.8%,"3,813",19.3%,"6,412",32.4%,853,4.3%,104,0.5%,"6,169",31.2%,469,2.4%,"3,745",18.9%,829,4.2%,"9,529",48.2%,49.2%
04,2017-18,"13,230",0,889,831,918,978,"1,002",990,978,"1,001",972,962,966,"1,012",856,875,"6,740",50.9%,"6,487",49.0%,"1,078",8.1%,"3,196",24.2%,"7,985",60.4%,149,1.1%,139,1.1%,615,4.6%,68,0.5%,"3,197",24.2%,"1,378",10.4%,"10,996",83.1%,83.2%
04,2018-19,"13,038",302,778,792,808,857,957,999,976,984,990,966,931,964,897,837,"6,702",51.4%,"6,336",48.6%,"1,116",8.6%,"3,085",23.7%,"7,835",60.1%,176,1.3%,146,1.1%,611,4.7%,69,0.5%,"3,214",24.7%,"1,306",10.0%,"10,611",81.4%,82.5%
04,2019-20,"13,004",622,851,759,781,758,823,884,996,982,960,956,902,927,907,896,"6,707",51.6%,"6,297",48.4%,"1,173",9.0%,"3,059",23.5%,"7,584",58.3%,177,1.4%,140,1.1%,633,4.9%,238,1.8%,"3,121",24.0%,"1,184",9.1%,"10,599",81.5%,84.2%
04,2020-21,"12,336",499,743,711,711,770,734,776,871,977,944,953,918,932,897,900,"6,428",52.1%,"5,908",47.9%,"1,176",9.5%,"2,895",23.5%,"7,156",58.0%,224,1.8%,126,1.0%,630,5.1%,129,1.0%,"2,982",24.2%,"1,198",9.7%,"10,110",82.0%,83.2%
04,2021-22,"11,567",522,604,684,671,676,734,693,759,893,900,928,852,932,863,856,"6,026",52.1%,"5,541",47.9%,"1,065",9.2%,"2,759",23.9%,"6,715",58.1%,209,1.8%,109,0.9%,637,5.5%,73,0.6%,"2,781",24.0%,"1,175",10.2%,"9,277",80.2%,81.4%
05,2017-18,"11,632",0,"1,033",677,728,753,805,829,785,740,785,782,"1,054","1,000",802,859,"5,491",47.2%,"6,139",52.8%,458,3.9%,"5,708",49.1%,"4,570",39.3%,102,0.9%,104,0.9%,575,4.9%,115,1.0%,"2,757",23.7%,"1,061",9.1%,"9,719",83.6%,84.0%
05,2018-19,"11,236",294,981,606,614,665,730,786,773,713,704,759,"1,004",967,853,787,"5,335",47.5%,"5,901",52.5%,387,3.4%,"5,482",48.8%,"4,397",39.1%,101,0.9%,103,0.9%,650,5.8%,116,1.0%,"2,774",24.7%,926,8.2%,"9,199",81.9%,83.2%
05,2019-20,"10,947",636,930,590,581,601,654,714,774,650,707,706,"1,002",829,773,800,"5,198",47.5%,"5,749",52.5%,380,3.5%,"5,213",47.6%,"4,269",39.0%,129,1.2%,103,0.9%,654,6.0%,199,1.8%,"2,679",24.5%,836,7.6%,"8,920",81.5%,83.9%
05,2020-21,"9,998",446,800,489,563,568,575,636,690,665,642,700,901,853,734,736,"4,656",46.6%,"5,342",53.4%,368,3.7%,"4,669",46.7%,"3,937",39.4%,149,1.5%,88,0.9%,634,6.3%,153,1.5%,"2,525",25.3%,792,7.9%,"8,114",81.2%,83.3%
05,2021-22,"9,341",507,696,488,500,569,531,546,607,581,632,620,817,799,746,702,"4,349",46.6%,"4,992",53.4%,350,3.7%,"4,345",46.5%,"3,677",39.4%,115,1.2%,124,1.3%,638,6.8%,92,1.0%,"2,340",25.1%,730,7.8%,"7,455",79.8%,82.1%
06,2017-18,"22,701",0,"1,727","1,552","1,730","1,763","1,865","1,788","1,700","1,530","1,583","1,745","1,694","1,391","1,197","1,436","11,192",49.3%,"11,508",50.7%,319,1.4%,"1,608",7.1%,"19,316",85.1%,146,0.6%,69,0.3%,"1,200",5.3%,43,0.2%,"4,540",20.0%,"6,317",27.8%,"19,594",86.3%,84.3%
06,2018-19,"21,924",0,"1,715","1,484","1,551","1,634","1,713","1,845","1,601","1,512","1,580","1,627","1,618","1,516","1,133","1,395","10,763",49.1%,"11,161",50.9%,333,1.5%,"1,553",7.1%,"18,547",84.6%,160,0.7%,61,0.3%,"1,230",5.6%,40,0.2%,"4,579",20.9%,"5,887",26.9%,"18,705",85.3%,83.6%
06,2019-20,"21,698",837,"1,714","1,403","1,473","1,484","1,585","1,689","1,639","1,432","1,534","1,608","1,480","1,428","1,232","1,160","10,749",49.5%,"10,949",50.5%,322,1.5%,"1,526",7.0%,"17,912",82.6%,209,1.0%,70,0.3%,"1,276",5.9%,383,1.8%,"4,508",20.8%,"5,191",23.9%,"18,099",83.4%,84.2%
06,2020-21,"20,670",939,"1,512","1,309","1,341","1,400","1,430","1,526","1,522","1,388","1,424","1,531","1,627","1,308","1,126","1,287","10,184",49.3%,"10,486",50.7%,321,1.6%,"1,492",7.2%,"17,000",82.2%,316,1.5%,61,0.3%,"1,316",6.4%,164,0.8%,"4,375",21.2%,"5,014",24.3%,"17,179",83.1%,82.8%
06,2021-22,"19,424","1,190","1,362","1,203","1,241","1,236","1,321","1,354","1,394","1,272","1,330","1,376","1,543","1,351","1,170","1,081","9,561",49.2%,"9,863",50.8%,283,1.5%,"1,483",7.6%,"15,957",82.2%,267,1.4%,55,0.3%,"1,231",6.3%,148,0.8%,"4,012",20.7%,"4,893",25.2%,"15,693",80.8%,80.4%
07,2017-18,"19,875",544,"1,235","1,186","1,209","1,295","1,290","1,245","1,241","1,073","1,217","1,149","1,963","1,979","1,616","1,633","9,367",47.1%,"10,508",52.9%,213,1.1%,"5,336",26.8%,"13,817",69.5%,70,0.4%,111,0.6%,295,1.5%,33,0.2%,"4,770",24.0%,"3,295",16.6%,"18,453",92.8%,92.5%
07,2018-19,"19,359",794,"1,321","1,029","1,114","1,172","1,218","1,291","1,208","1,118","1,075","1,228","1,731","1,877","1,542","1,641","9,108",47.0%,"10,251",53.0%,222,1.1%,"5,109",26.4%,"13,462",69.5%,69,0.4%,163,0.8%,302,1.6%,32,0.2%,"4,693",24.2%,"3,063",15.8%,"17,740",91.6%,92.2%
07,2019-20,"18,778","1,072","1,260","1,021","1,037","1,095","1,103","1,200","1,242","1,036","1,116","1,063","1,822","1,697","1,573","1,441","8,860",47.2%,"9,918",52.8%,205,1.1%,"4,905",26.1%,"13,014",69.3%,81,0.4%,170,0.9%,293,1.6%,110,0.6%,"4,580",24.4%,"2,731",14.5%,"17,148",91.3%,92.7%
07,2020-21,"17,533",745,"1,120",857,964,994,"1,060","1,051","1,156","1,064","1,035","1,078","1,738","1,821","1,513","1,337","8,230",46.9%,"9,303",53.1%,198,1.1%,"4,581",26.1%,"12,140",69.2%,83,0.5%,164,0.9%,272,1.6%,95,0.5%,"4,292",24.5%,"2,684",15.3%,"16,092",91.8%,92.7%
07,2021-22,"16,032",736,934,814,792,827,920,961,974,923,974,976,"1,768","1,692","1,365","1,376","7,645",47.7%,"8,387",52.3%,169,1.1%,"4,284",26.7%,"11,037",68.8%,69,0.4%,170,1.1%,259,1.6%,44,0.3%,"3,922",24.5%,"2,430",15.2%,"14,674",91.5%,91.7%
08,2017-18,"28,728",0,"2,077","1,981","2,063","2,183","2,210","2,142","2,208","2,112","2,160","1,942","2,035","1,946","1,794","1,875","13,977",48.7%,"14,751",51.3%,"1,703",5.9%,"6,307",22.0%,"18,504",64.4%,103,0.4%,290,1.0%,"1,766",6.1%,55,0.2%,"6,924",24.1%,"3,907",13.6%,"24,188",84.2%,83.1%
08,2018-19,"28,039",0,"2,066","1,867","1,943","2,024","2,099","2,201","2,141","2,085","2,103","2,160","2,039","1,956","1,580","1,775","13,628",48.6%,"14,411",51.4%,"1,759",6.3%,"5,998",21.4%,"18,142",64.7%,108,0.4%,310,1.1%,"1,663",5.9%,59,0.2%,"6,776",24.2%,"3,795",13.5%,"23,333",83.2%,83.1%
08,2019-20,"27,411",814,"1,963","1,802","1,848","1,887","1,972","2,075","2,157","1,978","2,063","2,102","2,080","1,722","1,550","1,398","13,394",48.9%,"14,017",51.1%,"1,850",6.7%,"5,639",20.6%,"17,673",64.5%,125,0.5%,302,1.1%,"1,603",5.8%,219,0.8%,"6,306",23.0%,"3,556",13.0%,"22,870",83.4%,84.5%
08,2020-21,"25,731",738,"1,635","1,601","1,759","1,773","1,811","1,908","2,045","1,981","1,914","2,045","1,723","1,855","1,534","1,409","12,603",49.0%,"13,128",51.0%,"1,713",6.7%,"5,266",20.5%,"16,661",64.8%,167,0.6%,304,1.2%,"1,549",6.0%,71,0.3%,"5,869",22.8%,"3,523",13.7%,"21,565",83.8%,84.1%
08,2021-22,"24,338",879,"1,605","1,533","1,627","1,664","1,700","1,752","1,836","1,830","1,933","1,848","1,681","1,545","1,559","1,346","11,950",49.1%,"12,388",50.9%,"1,773",7.3%,"4,775",19.6%,"15,918",65.4%,150,0.6%,276,1.1%,"1,383",5.7%,63,0.3%,"5,362",22.0%,"3,538",14.5%,"19,955",82.0%,82.2%
09,2017-18,"35,271",0,"2,521","2,638","2,733","2,826","2,785","2,772","2,718","2,707","2,659","2,654","2,425","2,208","1,839","1,786","17,354",49.2%,"17,917",50.8%,525,1.5%,"9,808",27.8%,"24,187",68.6%,58,0.2%,174,0.5%,463,1.3%,56,0.2%,"7,978",22.6%,"8,132",23.1%,"32,735",92.8%,93.2%
09,2018-19,"34,180",0,"2,634","2,395","2,600","2,612","2,678","2,614","2,628","2,544","2,670","2,683","2,292","2,157","1,861","1,812","16,940",49.6%,"17,240",50.4%,477,1.4%,"9,421",27.6%,"23,486",68.7%,68,0.2%,203,0.6%,474,1.4%,51,0.1%,"7,896",23.1%,"7,648",22.4%,"31,600",92.5%,93.1%
09,2019-20,"33,198","1,206","2,360","2,189","2,278","2,413","2,435","2,536","2,501","2,449","2,497","2,589","2,269","2,067","1,766","1,643","16,482",49.6%,"16,716",50.4%,468,1.4%,"8,902",26.8%,"22,773",68.6%,69,0.2%,190,0.6%,451,1.4%,345,1.0%,"7,449",22.4%,"6,823",20.6%,"30,495",91.9%,93.8%
09,2020-21,"31,124","1,173","2,039","1,761","2,077","2,149","2,280","2,332","2,409","2,216","2,402","2,448","2,119","2,156","1,816","1,747","15,491",49.8%,"15,633",50.2%,426,1.4%,"8,290",26.6%,"21,467",69.0%,120,0.4%,198,0.6%,423,1.4%,200,0.6%,"7,025",22.6%,"6,580",21.1%,"28,791",92.5%,93.8%
09,2021-22,"28,491","1,334","1,899","1,726","1,741","1,898","1,981","2,028","2,096","2,022","2,067","2,270","2,050","1,839","1,832","1,708","14,064",49.4%,"14,427",50.6%,353,1.2%,"7,590",26.6%,"19,776",69.4%,95,0.3%,181,0.6%,391,1.4%,105,0.4%,"6,316",22.2%,"6,226",21.9%,"25,821",90.6%,91.9%
10,2017-18,"56,752",0,"3,743","4,110","4,230","4,191","4,335","4,278","4,201","3,936","3,825","3,796","4,595","4,267","3,617","3,628","27,734",48.9%,"29,015",51.1%,"4,343",7.7%,"8,772",15.5%,"39,322",69.3%,285,0.5%,477,0.8%,"3,461",6.1%,92,0.2%,"11,258",19.8%,"11,853",20.9%,"47,895",84.4%,83.9%
10,2018-19,"54,925",0,"3,699","3,693","4,038","3,995","4,004","4,167","4,052","3,842","3,849","3,747","4,313","4,075","3,778","3,673","26,890",49.0%,"28,035",51.0%,"4,267",7.8%,"8,262",15.0%,"38,231",69.6%,316,0.6%,473,0.9%,"3,269",6.0%,107,0.2%,"11,149",20.3%,"11,328",20.6%,"45,675",83.2%,83.3%
10,2019-20,"53,811",517,"3,847","3,503","3,681","3,919","3,916","3,936","4,018","3,718","3,824","3,819","4,220","3,920","3,558","3,415","26,516",49.3%,"27,295",50.7%,"4,107",7.6%,"8,041",14.9%,"37,263",69.2%,354,0.7%,467,0.9%,"3,212",6.0%,367,0.7%,"10,734",19.9%,"10,537",19.6%,"44,864",83.4%,84.7%
10,2020-21,"50,700",501,"2,918","3,141","3,407","3,478","3,723","3,748","3,761","3,666","3,541","3,740","4,103","3,921","3,616","3,436","24,881",49.1%,"25,819",50.9%,"3,959",7.8%,"7,484",14.8%,"35,213",69.5%,389,0.8%,430,0.8%,"2,995",5.9%,230,0.5%,"10,326",20.4%,"10,298",20.3%,"42,258",83.3%,84.2%
10,2021-22,"48,016","1,634","2,767","2,870","2,988","3,105","3,165","3,446","3,403","3,234","3,351","3,379","4,090","3,754","3,525","3,305","23,573",49.1%,"24,443",50.9%,"3,771",7.9%,"7,067",14.7%,"33,163",69.1%,445,0.9%,398,0.8%,"2,983",6.2%,189,0.4%,"9,429",19.6%,"9,653",20.1%,"38,735",80.7%,81.6%
11,2017-18,"40,504",0,"3,140","2,853","3,076","3,234","3,301","3,306","3,416","3,022","3,083","3,092","2,725","2,369","1,931","1,956","19,337",47.7%,"21,166",52.3%,"3,289",8.1%,"15,734",38.8%,"17,067",42.1%,233,0.6%,520,1.3%,"3,582",8.8%,79,0.2%,"8,119",20.0%,"4,670",11.5%,"32,222",79.6%,77.3%
11,2018-19,"39,666",0,"3,020","2,848","2,992","2,944","3,130","3,295","3,222","3,189","3,037","3,105","2,670","2,316","1,918","1,980","18,832",47.5%,"20,834",52.5%,"3,408",8.6%,"15,103",38.1%,"16,830",42.4%,245,0.6%,518,1.3%,"3,477",8.8%,85,0.2%,"8,099",20.4%,"4,666",11.8%,"31,079",78.4%,77.3%
11,2019-20,"38,538",139,"3,034","2,610","2,931","2,853","2,869","3,108","3,202","3,016","3,170","3,094","2,653","2,211","1,904","1,744","18,388",47.7%,"20,150",52.3%,"3,451",9.0%,"14,385",37.3%,"16,412",42.6%,273,0.7%,478,1.2%,"3,446",8.9%,93,0.2%,"7,688",19.9%,"4,316",11.2%,"30,805",79.9%,79.5%
11,2020-21,"36,222",75,"2,478","2,360","2,520","2,788","2,743","2,774","3,001","2,888","2,935","3,167","2,421","2,301","1,951","1,820","17,372",48.0%,"18,850",52.0%,"3,335",9.2%,"13,039",36.0%,"15,745",43.5%,298,0.8%,459,1.3%,"3,264",9.0%,82,0.2%,"7,478",20.6%,"4,357",12.0%,"29,200",80.6%,79.5%
11,2021-22,"34,491","1,122","2,380","2,277","2,321","2,336","2,575","2,576","2,589","2,681","2,748","2,832","2,413","2,018","1,872","1,751","16,556",48.0%,"17,935",52.0%,"3,217",9.3%,"12,228",35.5%,"15,028",43.6%,302,0.9%,420,1.2%,"3,159",9.2%,137,0.4%,"6,736",19.5%,"4,210",12.2%,"26,974",78.2%,77.0%
12,2017-18,"23,401",0,"1,418","1,617","1,751","1,889","1,873","1,891","1,841","1,609","1,705","1,645","1,508","1,691","1,508","1,455","11,442",48.9%,"11,959",51.1%,642,2.7%,"5,760",24.6%,"16,314",69.7%,59,0.3%,263,1.1%,341,1.5%,22,0.1%,"5,286",22.6%,"4,670",20.0%,"21,689",92.7%,92.9%
12,2018-19,"21,955",0,"1,303","1,566","1,614","1,695","1,845","1,815","1,763","1,552","1,566","1,665","1,459","1,449","1,320","1,343","10,687",48.7%,"11,268",51.3%,631,2.9%,"5,284",24.1%,"15,354",69.9%,63,0.3%,258,1.2%,339,1.5%,26,0.1%,"5,112",23.3%,"4,472",20.4%,"20,233",92.2%,92.7%
12,2019-20,"20,980",184,"1,296","1,493","1,511","1,574","1,634","1,778","1,758","1,505","1,528","1,571","1,381","1,464","1,210","1,093","10,243",48.8%,"10,737",51.2%,627,3.0%,"4,993",23.8%,"14,613",69.7%,65,0.3%,229,1.1%,303,1.4%,150,0.7%,"4,834",23.0%,"4,142",19.7%,"19,390",92.4%,93.5%
12,2020-21,"19,245",116,930,"1,248","1,473","1,437","1,522","1,569","1,692","1,414","1,454","1,501","1,162","1,386","1,211","1,130","9,440",49.1%,"9,805",50.9%,607,3.2%,"4,521",23.5%,"13,434",69.8%,79,0.4%,229,1.2%,285,1.5%,90,0.5%,"4,479",23.3%,"3,969",20.6%,"17,841",92.7%,93.8%
12,2021-22,"18,091",608,872,"1,273","1,209","1,376","1,358","1,419","1,433","1,223","1,349","1,397","1,172","1,204","1,190","1,008","8,768",48.5%,"9,323",51.5%,535,3.0%,"4,279",23.7%,"12,684",70.1%,84,0.5%,204,1.1%,242,1.3%,63,0.3%,"4,037",22.3%,"3,896",21.5%,"16,452",90.9%,91.7%
13,2017-18,"21,658",0,"1,261","1,131","1,126","1,076","1,123","1,082","1,098",733,691,622,"3,051","3,152","2,762","2,750","10,196",47.1%,"11,460",52.9%,"4,425",20.4%,"9,493",43.8%,"3,582",16.5%,398,1.8%,149,0.7%,"3,495",16.1%,116,0.5%,"3,111",14.4%,940,4.3%,"14,484",66.9%,63.2%
13,2018-19,"21,772",0,"1,311","1,158","1,155","1,089","1,024","1,101","1,026",710,697,688,"2,974","3,079","2,881","2,879","10,198",46.8%,"11,573",53.2%,"4,468",20.5%,"9,118",41.9%,"3,700",17.0%,486,2.2%,157,0.7%,"3,718",17.1%,125,0.6%,"3,171",14.6%,905,4.2%,"14,106",64.8%,61.7%
13,2019-20,"21,437",113,"1,297","1,068","1,147","1,115","1,048",997,"1,064",695,678,687,"3,021","2,964","2,787","2,756","10,068",47.0%,"11,369",53.0%,"4,493",21.0%,"8,589",40.1%,"3,600",16.8%,522,2.4%,153,0.7%,"3,905",18.2%,175,0.8%,"2,973",13.9%,835,3.9%,"13,486",62.9%,61.5%
13,2020-21,"20,653",89,"1,092","1,047",949,"1,040","1,011",969,957,681,660,672,"2,874","3,051","2,818","2,743","9,813",47.5%,"10,840",52.5%,"4,343",21.0%,"8,118",39.3%,"3,583",17.3%,559,2.7%,167,0.8%,"3,637",17.6%,246,1.2%,"2,912",14.1%,882,4.3%,"12,923",62.6%,60.7%
13,2021-22,"20,269",551,994,997,963,870,956,934,896,607,615,629,"2,915","2,781","2,878","2,683","9,746",48.1%,"10,523",51.9%,"4,351",21.5%,"7,626",37.6%,"3,628",17.9%,581,2.9%,163,0.8%,"3,677",18.1%,243,1.2%,"2,749",13.6%,877,4.3%,"12,139",59.9%,58.6%
14,2017-18,"18,831",0,"1,435","1,227","1,211","1,229","1,213","1,252","1,235","1,194","1,141","1,290","1,596","1,654","1,469","1,685","8,968",47.6%,"9,862",52.4%,949,5.0%,"3,934",20.9%,"10,762",57.2%,184,1.0%,91,0.5%,"2,819",15.0%,92,0.5%,"3,912",20.8%,"2,116",11.2%,"14,016",74.4%,76.3%
14,2018-19,"18,510",0,"1,414","1,192","1,257","1,210","1,226","1,224","1,200","1,276","1,183","1,134","1,651","1,525","1,470","1,548","8,799",47.5%,"9,711",52.5%,985,5.3%,"3,716",20.1%,"10,547",57.0%,191,1.0%,92,0.5%,"2,890",15.6%,89,0.5%,"3,906",21.1%,"2,002",10.8%,"13,448",72.7%,75.0%
14,2019-20,"18,311",261,"1,471","1,171","1,147","1,195","1,162","1,165","1,165","1,195","1,231","1,161","1,662","1,577","1,355","1,393","8,863",48.4%,"9,448",51.6%,"1,028",5.6%,"3,545",19.4%,"10,124",55.3%,258,1.4%,94,0.5%,"3,036",16.6%,226,1.2%,"3,770",20.6%,"1,808",9.9%,"13,259",72.4%,75.6%
14,2020-21,"17,576",328,"1,174","1,086","1,053","1,069","1,096","1,115","1,105","1,143","1,181","1,207","1,643","1,572","1,460","1,344","8,442",48.0%,"9,134",52.0%,"1,050",6.0%,"3,452",19.6%,"9,532",54.2%,327,1.9%,97,0.6%,"2,935",16.7%,183,1.0%,"3,794",21.6%,"1,725",9.8%,"12,805",72.9%,74.9%
14,2021-22,"16,673",635,"1,128",940,"1,004",943,952,989,"1,015",987,"1,056","1,135","1,623","1,552","1,369","1,345","8,050",48.3%,"8,623",51.7%,996,6.0%,"3,326",19.9%,"9,031",54.2%,301,1.8%,100,0.6%,"2,790",16.7%,129,0.8%,"3,535",21.2%,"1,661",10.0%,"11,587",69.5%,72.5%
15,2017-18,"33,200",0,"2,728","3,117","3,123","3,051","3,054","2,994","2,953","2,108","1,981","1,914","1,665","1,746","1,442","1,324","16,730",50.4%,"16,467",49.6%,"5,358",16.1%,"4,642",14.0%,"12,004",36.2%,916,2.8%,137,0.4%,"9,995",30.1%,148,0.4%,"6,539",19.7%,"5,026",15.1%,"19,223",57.9%,58.7%
15,2018-19,"33,220",0,"2,694","3,040","3,060","3,016","2,916","2,952","2,872","2,362","2,047","1,967","1,717","1,837","1,378","1,362","16,794",50.6%,"16,426",49.4%,"5,404",16.3%,"4,520",13.6%,"11,834",35.6%,996,3.0%,134,0.4%,"10,195",30.7%,137,0.4%,"6,689",20.1%,"4,598",13.8%,"18,794",56.6%,57.4%
15,2019-20,"33,140",275,"2,771","2,921","2,962","2,926","2,896","2,811","2,866","2,193","2,274","2,017","1,670","1,799","1,466","1,293","16,620",50.2%,"16,520",49.8%,"5,495",16.6%,"4,231",12.8%,"11,589",35.0%,"1,117",3.4%,145,0.4%,"10,260",31.0%,303,0.9%,"6,812",20.6%,"4,272",12.9%,"18,391",55.5%,57.8%
15,2020-21,"31,261",235,"2,261","2,594","2,687","2,676","2,699","2,710","2,633","2,104","2,085","2,217","1,519","1,809","1,565","1,467","15,653",50.1%,"15,608",49.9%,"5,281",16.9%,"4,028",12.9%,"11,115",35.6%,"1,183",3.8%,148,0.5%,"9,250",29.6%,256,0.8%,"6,739",21.6%,"4,385",14.0%,"17,676",56.5%,57.9%
15,2021-22,"29,777",895,"2,132","2,421","2,423","2,371","2,468","2,452","2,501","1,946","1,925","1,975","1,571","1,680","1,511","1,506","15,039",50.5%,"14,738",49.5%,"4,920",16.5%,"3,784",12.7%,"10,626",35.7%,"1,227",4.1%,132,0.4%,"8,885",29.8%,203,0.7%,"6,218",20.9%,"4,097",13.8%,"16,088",54.0%,55.3%
16,2017-18,"6,839",0,689,524,478,496,583,509,507,307,320,362,503,479,461,621,"3,219",47.1%,"3,620",52.9%,148,2.2%,"5,068",74.1%,"1,320",19.3%,35,0.5%,69,1.0%,178,2.6%,21,0.3%,"1,801",26.3%,329,4.8%,"5,881",86.0%,86.5%
16,2018-19,"6,745",349,608,456,477,480,509,568,476,308,308,320,372,408,424,682,"3,222",47.8%,"3,523",52.2%,146,2.2%,"4,928",73.1%,"1,318",19.5%,53,0.8%,76,1.1%,208,3.1%,16,0.2%,"1,713",25.4%,311,4.6%,"5,655",83.8%,84.6%
16,2019-20,"6,656",524,663,456,453,465,453,481,554,276,317,306,455,389,336,528,"3,170",47.6%,"3,486",52.4%,142,2.1%,"4,748",71.3%,"1,320",19.8%,62,0.9%,68,1.0%,256,3.8%,60,0.9%,"1,625",24.4%,323,4.9%,"5,431",81.6%,84.4%
16,2020-21,"6,302",444,585,446,434,431,455,432,470,348,287,307,388,411,442,422,"3,018",47.9%,"3,284",52.1%,146,2.3%,"4,434",70.4%,"1,270",20.2%,72,1.1%,62,1.0%,268,4.3%,50,0.8%,"1,513",24.0%,325,5.2%,"5,225",82.9%,82.1%
16,2021-22,"5,970",412,521,437,435,417,424,422,430,284,331,276,385,362,386,448,"2,835",47.5%,"3,135",52.5%,134,2.2%,"4,126",69.1%,"1,338",22.4%,72,1.2%,60,1.0%,227,3.8%,13,0.2%,"1,391",23.3%,353,5.9%,"4,813",80.6%,81.4%
17,2017-18,"22,534",0,"1,919","1,351","1,377","1,328","1,453","1,415","1,414","1,499","1,561","1,508","1,960","1,989","1,821","1,939","11,261",50.0%,"11,272",50.0%,666,3.0%,"16,882",74.9%,"3,526",15.6%,139,0.6%,304,1.3%,917,4.1%,100,0.4%,"4,150",18.4%,"2,475",11.0%,"18,635",82.7%,77.9%
17,2018-19,"21,984",0,"1,944","1,174","1,295","1,297","1,346","1,433","1,381","1,565","1,496","1,564","1,884","1,937","1,753","1,915","11,034",50.2%,"10,950",49.8%,658,3.0%,"16,343",74.3%,"3,512",16.0%,167,0.8%,289,1.3%,914,4.2%,101,0.5%,"4,092",18.6%,"2,277",10.4%,"17,600",80.1%,76.9%
17,2019-20,"21,544",406,"1,897","1,163","1,114","1,220","1,227","1,266","1,317","1,519","1,546","1,480","1,951","1,918","1,714","1,806","10,883",50.5%,"10,661",49.5%,646,3.0%,"15,764",73.2%,"3,398",15.8%,172,0.8%,296,1.4%,"1,037",4.8%,231,1.1%,"3,946",18.3%,"2,007",9.3%,"17,108",79.4%,78.4%
17,2020-21,"20,533",408,"1,454","1,028","1,128","1,034","1,201","1,178","1,231","1,388","1,474","1,533","2,032","1,859","1,768","1,817","10,400",50.7%,"10,133",49.3%,625,3.0%,"14,702",71.6%,"3,461",16.9%,236,1.1%,273,1.3%,"1,027",5.0%,209,1.0%,"3,933",19.2%,"1,966",9.6%,"16,473",80.2%,77.5%
17,2021-22,"20,128","1,117","1,513","1,025",990,995,966,"1,099","1,137","1,171","1,346","1,436","2,117","1,773","1,681","1,762","10,157",50.5%,"9,971",49.5%,605,3.0%,"14,281",71.0%,"3,469",17.2%,236,1.2%,260,1.3%,"1,160",5.8%,117,0.6%,"3,722",18.5%,"1,935",9.6%,"15,442",76.7%,73.8%
18,2017-18,"15,707",0,"1,404",975,"1,047","1,074","1,160","1,155","1,236","1,086","1,113","1,062","1,120","1,147",994,"1,134","7,585",48.3%,"8,122",51.7%,271,1.7%,"13,406",85.4%,"1,176",7.5%,80,0.5%,208,1.3%,531,3.4%,35,0.2%,"3,079",19.6%,"1,107",7.0%,"12,397",78.9%,72.1%
18,2018-19,"15,006",0,"1,320",883,955,"1,046","1,083","1,141","1,102","1,094","1,088","1,104","1,013","1,092",980,"1,105","7,207",48.0%,"7,799",52.0%,286,1.9%,"12,673",84.5%,"1,183",7.9%,78,0.5%,179,1.2%,565,3.8%,42,0.3%,"3,009",20.1%,"1,116",7.4%,"11,623",77.5%,72.0%
18,2019-20,"13,951",163,"1,330",786,825,912,984,"1,058","1,065",952,"1,099","1,066",914,908,902,987,"6,653",47.7%,"7,298",52.3%,307,2.2%,"11,685",83.8%,"1,144",8.2%,84,0.6%,117,0.8%,560,4.0%,54,0.4%,"2,785",20.0%,952,6.8%,"10,811",77.5%,74.9%
18,2020-21,"12,602",152,966,772,764,786,880,931,"1,013",942,940,"1,057",863,893,770,873,"6,037",47.9%,"6,565",52.1%,286,2.3%,"10,372",82.3%,"1,155",9.2%,95,0.8%,113,0.9%,525,4.2%,56,0.4%,"2,588",20.5%,908,7.2%,"9,826",78.0%,74.0%
18,2021-22,"12,068",813,"1,072",675,732,688,731,797,878,828,888,892,835,763,707,769,"5,723",47.4%,"6,345",52.6%,285,2.4%,"9,868",81.8%,"1,108",9.2%,103,0.9%,108,0.9%,523,4.3%,73,0.6%,"2,352",19.5%,863,7.2%,"8,880",73.6%,68.8%
19,2017-18,"22,742",0,"1,823","1,670","1,677","1,750","1,706","1,835","1,804","1,655","1,684","1,574","1,466","1,462","1,305","1,331","10,966",48.2%,"11,776",51.8%,"1,800",7.9%,"10,012",44.0%,"10,011",44.0%,70,0.3%,349,1.5%,450,2.0%,50,0.2%,"4,857",21.4%,"3,027",13.3%,"20,188",88.8%,87.2%
19,2018-19,"22,174",0,"1,832","1,481","1,596","1,616","1,679","1,670","1,738","1,621","1,687","1,697","1,597","1,440","1,171","1,349","10,586",47.7%,"11,588",52.3%,"1,757",7.9%,"9,490",42.8%,"9,985",45.0%,81,0.4%,332,1.5%,470,2.1%,59,0.3%,"4,809",21.7%,"3,036",13.7%,"19,591",88.4%,86.7%
19,2019-20,"22,173","1,078","1,748","1,421","1,452","1,534","1,558","1,623","1,612","1,593","1,621","1,649","1,584","1,454","1,194","1,052","10,622",47.9%,"11,551",52.1%,"1,844",8.3%,"9,253",41.7%,"9,885",44.6%,91,0.4%,331,1.5%,473,2.1%,296,1.3%,"4,576",20.6%,"2,799",12.6%,"19,452",87.7%,87.9%
19,2020-21,"20,872",859,"1,471","1,230","1,358","1,379","1,432","1,485","1,545","1,424","1,563","1,587","1,641","1,511","1,233","1,154","9,896",47.4%,"10,976",52.6%,"1,786",8.6%,"8,544",40.9%,"9,418",45.1%,174,0.8%,323,1.5%,440,2.1%,187,0.9%,"4,451",21.3%,"2,706",13.0%,"18,469",88.5%,87.4%
19,2021-22,"19,959","1,058","1,440","1,345","1,242","1,250","1,274","1,348","1,396","1,366","1,365","1,474","1,600","1,394","1,308","1,099","9,512",47.7%,"10,447",52.3%,"1,719",8.6%,"8,111",40.6%,"9,202",46.1%,114,0.6%,313,1.6%,410,2.1%,90,0.5%,"4,081",20.4%,"2,746",13.8%,"16,948",84.9%,84.4%
20,2017-18,"54,156",0,"4,119","4,352","4,214","4,001","4,221","4,008","4,091","4,123","3,998","3,994","3,648","3,579","2,711","3,097","26,078",48.2%,"28,075",51.8%,"23,563",43.5%,"1,536",2.8%,"14,151",26.1%,276,0.5%,170,0.3%,"14,301",26.4%,159,0.3%,"8,340",15.4%,"12,740",23.5%,"42,279",78.1%,76.6%
20,2018-19,"53,980",0,"4,238","3,884","4,354","4,085","3,949","4,167","3,979","4,148","4,120","4,046","3,764","3,594","2,660","2,992","25,901",48.0%,"28,079",52.0%,"23,562",43.6%,"1,388",2.6%,"14,307",26.5%,317,0.6%,173,0.3%,"14,065",26.1%,168,0.3%,"8,647",16.0%,"11,909",22.1%,"41,643",77.1%,76.1%
20,2019-20,"54,077",336,"4,195","3,920","3,861","4,276","4,050","3,948","4,150","4,018","4,162","4,173","3,849","3,640","2,769","2,730","26,009",48.1%,"28,068",51.9%,"23,665",43.8%,"1,300",2.4%,"14,511",26.8%,362,0.7%,189,0.3%,"13,870",25.6%,180,0.3%,"8,615",15.9%,"11,029",20.4%,"41,532",76.8%,77.3%
20,2020-21,"52,641",410,"3,774","3,719","3,800","3,683","4,101","3,948","3,860","4,061","3,982","4,119","3,772","3,640","2,963","2,809","25,365",48.2%,"27,276",51.8%,"23,201",44.1%,"1,258",2.4%,"14,064",26.7%,424,0.8%,197,0.4%,"13,295",25.3%,202,0.4%,"8,631",16.4%,"11,906",22.6%,"40,312",76.6%,75.4%
20,2021-22,"50,411","1,880","3,347","3,417","3,555","3,496","3,452","3,822","3,742","3,613","3,875","3,880","3,342","3,433","2,668","2,889","24,234",48.1%,"26,177",51.9%,"21,906",43.5%,"1,174",2.3%,"13,835",27.4%,394,0.8%,194,0.4%,"12,694",25.2%,214,0.4%,"8,248",16.4%,"10,984",21.8%,"36,919",73.2%,72.2%
21,2017-18,"37,423",0,"2,980","2,278","2,187","2,212","2,287","2,241","2,223","3,113","3,053","2,990","3,347","3,281","2,520","2,711","18,120",48.4%,"19,297",51.6%,"9,515",25.4%,"5,391",14.4%,"9,270",24.8%,203,0.5%,203,0.5%,"12,535",33.5%,306,0.8%,"6,824",18.2%,"6,352",17.0%,"27,990",74.8%,73.5%
21,2018-19,"37,136",0,"2,979","2,131","2,275","2,161","2,179","2,269","2,237","3,214","3,105","3,082","3,296","3,085","2,544","2,579","17,996",48.5%,"19,140",51.5%,"9,489",25.6%,"5,094",13.7%,"9,197",24.8%,238,0.6%,216,0.6%,"12,603",33.9%,299,0.8%,"6,952",18.7%,"6,454",17.4%,"27,062",72.9%,73.2%
21,2019-20,"37,073",227,"2,918","2,208","2,150","2,193","2,173","2,177","2,258","3,240","3,229","3,115","3,423","2,977","2,409","2,376","18,108",48.8%,"18,965",51.2%,"9,546",25.7%,"4,794",12.9%,"9,249",24.9%,282,0.8%,233,0.6%,"12,582",33.9%,387,1.0%,"6,806",18.4%,"6,296",17.0%,"27,251",73.5%,74.9%
21,2020-21,"36,039",180,"2,566","1,924","2,086","2,043","2,070","2,094","2,082","3,304","3,157","3,172","3,261","3,238","2,436","2,426","17,598",48.8%,"18,441",51.2%,"9,386",26.0%,"4,548",12.6%,"9,056",25.1%,301,0.8%,281,0.8%,"12,059",33.5%,408,1.1%,"6,573",18.2%,"6,814",18.9%,"26,209",72.7%,74.1%
21,2021-22,"36,618","1,583","2,660","1,930","1,936","1,961","1,927","1,926","2,014","2,973","3,117","3,060","3,601","3,009","2,540","2,381","17,843",48.7%,"18,775",51.3%,"9,358",25.6%,"4,461",12.2%,"9,368",25.6%,351,1.0%,276,0.8%,"12,507",34.2%,297,0.8%,"6,630",18.1%,"6,558",17.9%,"25,409",69.4%,70.8%
22,2017-18,"35,692",0,"2,788","2,663","2,688","2,779","2,824","2,802","2,869","2,065","2,130","2,104","2,815","2,737","2,293","2,135","17,598",49.3%,"18,091",50.7%,"7,171",20.1%,"10,851",30.4%,"5,518",15.5%,341,1.0%,253,0.7%,"11,415",32.0%,143,0.4%,"6,031",16.9%,"4,237",11.9%,"25,642",71.8%,64.9%
22,2018-19,"35,570",0,"2,858","2,528","2,691","2,620","2,726","2,797","2,793","2,057","2,076","2,130","2,867","2,827","2,279","2,321","17,629",49.6%,"17,941",50.4%,"7,386",20.8%,"10,294",28.9%,"5,482",15.4%,409,1.1%,280,0.8%,"11,554",32.5%,165,0.5%,"6,070",17.1%,"4,131",11.6%,"25,020",70.3%,64.4%
22,2019-20,"34,997",210,"2,858","2,526","2,554","2,623","2,569","2,636","2,759","2,008","2,026","2,054","2,617","2,832","2,382","2,343","17,322",49.5%,"17,675",50.5%,"7,418",21.2%,"9,621",27.5%,"5,472",15.6%,432,1.2%,275,0.8%,"11,632",33.2%,147,0.4%,"6,099",17.4%,"3,980",11.4%,"24,374",69.6%,66.0%
22,2020-21,"33,431",206,"2,491","2,264","2,398","2,409","2,500","2,464","2,550","1,960","1,983","1,986","2,629","2,706","2,490","2,395","16,477",49.3%,"16,954",50.7%,"7,353",22.0%,"8,942",26.7%,"5,157",15.4%,445,1.3%,294,0.9%,"11,031",33.0%,209,0.6%,"5,933",17.7%,"4,161",12.4%,"23,254",69.6%,64.5%
22,2021-22,"32,524","1,393","2,434","2,137","2,185","2,222","2,227","2,346","2,315","1,778","1,841","1,909","2,433","2,639","2,256","2,409","16,173",49.7%,"16,351",50.3%,"7,367",22.7%,"8,318",25.6%,"4,947",15.2%,472,1.5%,305,0.9%,"10,870",33.4%,245,0.8%,"5,664",17.4%,"3,963",12.2%,"21,621",66.5%,61.5%
23,2017-18,"9,539",280,767,632,683,714,766,727,694,863,878,883,352,436,394,470,"4,394",46.1%,"5,145",53.9%,108,1.1%,"7,111",74.5%,"2,032",21.3%,43,0.5%,98,1.0%,129,1.4%,18,0.2%,"2,449",25.7%,447,4.7%,"8,684",91.0%,89.3%
23,2018-19,"9,290",590,795,608,632,671,700,716,649,846,860,839,371,345,326,342,"4,306",46.4%,"4,984",53.6%,122,1.3%,"6,899",74.3%,"1,968",21.2%,50,0.5%,109,1.2%,126,1.4%,16,0.2%,"2,367",25.5%,444,4.8%,"8,345",89.8%,88.5%
23,2019-20,"9,199",788,867,597,589,620,622,668,653,764,841,837,366,327,308,352,"4,141",45.0%,"5,058",55.0%,121,1.3%,"6,698",72.8%,"1,976",21.5%,56,0.6%,101,1.1%,133,1.4%,114,1.2%,"2,234",24.3%,430,4.7%,"8,115",88.2%,89.3%
23,2020-21,"8,309",425,672,567,562,561,607,599,641,705,749,818,388,343,351,321,"3,767",45.3%,"4,542",54.7%,117,1.4%,"5,969",71.8%,"1,834",22.1%,110,1.3%,91,1.1%,129,1.6%,59,0.7%,"2,055",24.7%,421,5.1%,"7,369",88.7%,89.7%
23,2021-22,"7,863",476,616,523,566,530,512,563,584,657,687,706,463,396,317,267,"3,585",45.6%,"4,278",54.4%,102,1.3%,"5,624",71.5%,"1,867",23.7%,59,0.8%,79,1.0%,111,1.4%,21,0.3%,"1,812",23.0%,422,5.4%,"6,966",88.6%,88.2%
24,2017-18,"60,732",0,"3,980","4,774","4,852","4,904","4,947","5,084","4,768","4,314","4,446","4,362","4,090","3,542","3,173","3,496","28,782",47.4%,"31,948",52.6%,"12,254",20.2%,"1,574",2.6%,"37,797",62.2%,234,0.4%,314,0.5%,"8,295",13.7%,264,0.4%,"10,195",16.8%,"13,223",21.8%,"47,586",78.4%,73.3%
24,2018-19,"59,578",0,"4,035","4,520","4,612","4,704","4,797","4,897","4,830","4,220","4,439","4,419","3,909","3,730","2,962","3,504","28,230",47.4%,"31,348",52.6%,"11,824",19.8%,"1,514",2.5%,"37,413",62.8%,251,0.4%,325,0.5%,"7,966",13.4%,285,0.5%,"10,217",17.1%,"12,795",21.5%,"45,397",76.2%,72.5%
24,2019-20,"58,313",258,"3,981","4,348","4,475","4,516","4,604","4,754","4,557","4,250","4,369","4,475","3,863","3,582","3,148","3,133","27,789",47.7%,"30,524",52.3%,"11,495",19.7%,"1,444",2.5%,"36,724",63.0%,246,0.4%,332,0.6%,"7,694",13.2%,378,0.6%,"10,025",17.2%,"12,291",21.1%,"44,650",76.6%,74.0%
24,2020-21,"55,158",175,"3,356","4,082","4,074","4,267","4,336","4,417","4,356","4,009","4,278","4,311","3,575","3,552","3,046","3,324","26,309",47.7%,"28,849",52.3%,"10,921",19.8%,"1,371",2.5%,"34,902",63.3%,279,0.5%,322,0.6%,"7,063",12.8%,300,0.5%,"9,671",17.5%,"12,924",23.4%,"42,498",77.0%,73.9%
24,2021-22,"54,197","1,489","3,263","3,762","3,930","3,958","4,146","4,211","4,084","3,779","4,067","4,301","3,892","3,226","2,966","3,123","25,767",47.5%,"28,430",52.5%,"10,306",19.0%,"1,193",2.2%,"35,121",64.8%,333,0.6%,313,0.6%,"6,595",12.2%,336,0.6%,"9,025",16.7%,"14,240",26.3%,"40,021",73.8%,70.8%
25,2017-18,"39,585",0,"3,098","3,036","3,015","2,790","2,906","2,879","3,005","2,826","2,796","2,761","2,960","2,705","2,490","2,318","19,398",49.0%,"20,187",51.0%,"19,490",49.2%,"2,968",7.5%,"11,434",28.9%,341,0.9%,222,0.6%,"4,969",12.6%,161,0.4%,"5,667",14.3%,"7,399",18.7%,"28,202",71.2%,63.6%
25,2018-19,"39,037",0,"3,080","2,847","2,989","2,921","2,769","2,820","2,839","2,959","2,798","2,786","2,954","2,569","2,348","2,358","19,090",48.9%,"19,947",51.1%,"19,256",49.3%,"2,750",7.0%,"11,451",29.3%,362,0.9%,244,0.6%,"4,771",12.2%,203,0.5%,"5,701",14.6%,"7,036",18.0%,"26,941",69.0%,63.0%
25,2019-20,"38,687",92,"2,960","2,858","2,845","2,975","2,873","2,713","2,801","2,872","2,952","2,827","2,819","2,703","2,304","2,093","18,946",49.0%,"19,741",51.0%,"19,036",49.2%,"2,525",6.5%,"11,738",30.3%,376,1.0%,225,0.6%,"4,557",11.8%,230,0.6%,"5,729",14.8%,"6,825",17.6%,"27,012",69.8%,65.4%
25,2020-21,"37,515",75,"2,832","2,683","2,755","2,751","2,851","2,789","2,625","2,780","2,810","2,887","2,465","2,658","2,434","2,120","18,279",48.7%,"19,236",51.3%,"18,682",49.8%,"2,329",6.2%,"11,404",30.4%,419,1.1%,231,0.6%,"4,209",11.2%,241,0.6%,"5,686",15.2%,"7,249",19.3%,"26,285",70.1%,64.6%
25,2021-22,"37,197","1,625","2,514","2,617","2,581","2,584","2,563","2,693","2,652","2,561","2,631","2,710","2,617","2,418","2,258","2,173","18,282",49.1%,"18,915",50.9%,"18,096",48.6%,"2,146",5.8%,"11,813",31.8%,443,1.2%,218,0.6%,"4,182",11.2%,299,0.8%,"5,423",14.6%,"7,350",19.8%,"24,732",66.5%,61.5%
26,2017-18,"32,891",0,"1,745","1,874","1,745","1,861","1,862","1,869","2,026","1,965","1,924","2,071","4,034","3,503","3,347","3,065","15,967",48.5%,"16,920",51.4%,"17,392",52.9%,"3,706",11.3%,"5,651",17.2%,408,1.2%,265,0.8%,"5,382",16.4%,87,0.3%,"4,794",14.6%,"2,518",7.7%,"19,520",59.3%,46.5%
26,2018-19,"32,678",0,"1,746","1,812","1,900","1,784","1,851","1,887","1,902","2,167","1,994","1,933","4,160","3,314","3,119","3,109","15,921",48.7%,"16,757",51.3%,"17,289",52.9%,"3,748",11.5%,"5,649",17.3%,455,1.4%,263,0.8%,"5,162",15.8%,112,0.3%,"4,800",14.7%,"2,633",8.1%,"18,759",57.4%,46.8%
26,2019-20,"32,524",31,"1,746","1,788","1,813","1,901","1,764","1,834","1,885","2,067","2,185","2,030","4,067","3,433","3,046","2,934","15,853",48.7%,"16,671",51.3%,"17,329",53.3%,"3,607",11.1%,"5,607",17.2%,482,1.5%,371,1.1%,"5,028",15.5%,100,0.3%,"4,785",14.7%,"2,566",7.9%,"18,955",58.3%,49.7%
26,2020-21,"31,661",28,"1,666","1,670","1,695","1,736","1,833","1,722","1,795","1,927","1,997","2,167","3,898","3,414","3,164","2,949","15,492",48.9%,"16,169",51.1%,"17,039",53.8%,"3,434",10.8%,"5,603",17.7%,481,1.5%,355,1.1%,"4,600",14.5%,149,0.5%,"4,694",14.8%,"2,931",9.3%,"18,155",57.3%,49.2%
26,2021-22,"30,859",912,"1,490","1,624","1,635","1,573","1,664","1,751","1,663","1,760","1,802","1,946","3,684","3,323","3,117","2,915","15,103",48.9%,"15,756",51.1%,"16,790",54.4%,"3,243",10.5%,"5,625",18.2%,511,1.7%,342,1.1%,"4,159",13.5%,189,0.6%,"4,463",14.5%,"2,761",8.9%,"17,447",56.5%,47.6%
27,2017-18,"44,879",0,"2,994","3,314","3,401","3,403","3,575","3,534","3,701","3,542","3,602","3,636","3,157","2,632","2,228","2,160","21,556",48.0%,"23,323",52.0%,"10,230",22.8%,"10,085",22.5%,"17,445",38.9%,321,0.7%,"1,913",4.3%,"4,689",10.4%,196,0.4%,"7,982",17.8%,"5,000",11.1%,"35,051",78.1%,70.0%
27,2018-19,"45,146",985,"2,826","3,223","3,247","3,299","3,298","3,527","3,536","3,700","3,560","3,586","3,196","2,719","2,448","1,996","21,532",47.7%,"23,614",52.3%,"10,200",22.6%,"9,947",22.0%,"17,765",39.4%,354,0.8%,"1,995",4.4%,"4,706",10.4%,179,0.4%,"8,183",18.1%,"4,825",10.7%,"34,029",75.4%,68.8%
27,2019-20,"45,820","2,168","2,950","3,060","3,170","3,169","3,237","3,250","3,541","3,488","3,733","3,552","3,238","2,708","2,288","2,268","21,855",47.7%,"23,965",52.3%,"10,302",22.5%,"9,808",21.4%,"18,265",39.9%,395,0.9%,"2,043",4.5%,"4,710",10.3%,297,0.6%,"8,111",17.7%,"4,595",10.0%,"34,536",75.4%,71.0%
27,2020-21,"43,662","1,843","2,733","2,787","2,986","3,023","3,040","3,142","3,173","3,408","3,451","3,662","2,853","2,791","2,381","2,389","20,811",47.7%,"22,851",52.3%,"9,729",22.3%,"9,159",21.0%,"17,571",40.2%,472,1.1%,"1,970",4.5%,"4,526",10.4%,235,0.5%,"7,894",18.1%,"4,589",10.5%,"33,048",75.7%,70.7%
27,2021-22,"41,502","1,943","2,593","2,790","2,776","2,780","2,847","2,935","3,006","3,057","3,266","3,311","2,836","2,513","2,492","2,357","19,769",47.6%,"21,733",52.4%,"9,083",21.9%,"8,533",20.6%,"17,035",41.0%,446,1.1%,"1,893",4.6%,"4,092",9.9%,420,1.0%,"7,286",17.6%,"4,641",11.2%,"30,766",74.1%,67.8%
28,2017-18,"42,671",0,"3,298","2,751","2,827","2,820","2,784","2,845","2,748","2,588","2,533","2,474","3,996","3,884","3,624","3,499","21,111",49.5%,"21,556",50.5%,"12,503",29.3%,"9,100",21.3%,"11,666",27.3%,655,1.5%,"1,519",3.6%,"6,972",16.3%,256,0.6%,"6,538",15.3%,"4,450",10.4%,"30,065",70.5%,61.5%
28,2018-19,"42,379",0,"3,253","2,763","2,715","2,731","2,775","2,715","2,785","2,642","2,526","2,519","4,074","3,907","3,427","3,547","20,937",49.4%,"21,442",50.6%,"12,674",29.9%,"8,474",20.0%,"11,745",27.7%,737,1.7%,"1,509",3.6%,"6,953",16.4%,287,0.7%,"6,592",15.6%,"4,551",10.7%,"29,418",69.4%,61.2%
28,2019-20,"42,006",336,"3,289","2,752","2,707","2,653","2,637","2,695","2,592","2,603","2,589","2,534","3,985","3,791","3,525","3,318","20,740",49.4%,"21,266",50.6%,"12,480",29.7%,"7,948",18.9%,"11,959",28.5%,803,1.9%,"1,547",3.7%,"6,832",16.3%,437,1.0%,"6,460",15.4%,"4,337",10.3%,"28,657",68.2%,63.3%
28,2020-21,"40,681",288,"2,971","2,529","2,655","2,530","2,511","2,518","2,547","2,484","2,546","2,572","3,881","3,743","3,533","3,373","20,299",49.9%,"20,382",50.1%,"12,528",30.8%,"7,444",18.3%,"11,559",28.4%,827,2.0%,"1,488",3.7%,"6,454",15.9%,381,0.9%,"6,254",15.4%,"4,452",10.9%,"27,311",67.1%,62.7%
28,2021-22,"39,396","1,647","2,744","2,390","2,364","2,416","2,349","2,326","2,261","2,334","2,294","2,450","3,608","3,495","3,373","3,345","19,666",49.9%,"19,730",50.1%,"12,054",30.6%,"7,076",18.0%,"11,519",29.2%,848,2.2%,"1,482",3.8%,"6,111",15.5%,306,0.8%,"5,827",14.8%,"4,177",10.6%,"25,125",63.8%,59.4%
29,2017-18,"27,663",0,"2,343","2,206","2,283","2,375","2,231","2,374","2,613","2,303","2,206","2,268","1,073","1,135","1,076","1,177","13,395",48.4%,"14,268",51.6%,"4,446",16.1%,"17,027",61.6%,"4,366",15.8%,233,0.8%,986,3.6%,508,1.8%,97,0.4%,"4,472",16.2%,"2,300",8.3%,"20,856",75.4%,63.4%
29,2018-19,"26,894",0,"2,215","2,125","2,230","2,228","2,310","2,291","2,392","2,338","2,278","2,227","1,069","1,070","1,055","1,066","12,950",48.2%,"13,944",51.8%,"4,411",16.4%,"16,332",60.7%,"4,361",16.2%,232,0.9%,"1,013",3.8%,480,1.8%,65,0.2%,"4,486",16.7%,"2,320",8.6%,"19,692",73.2%,62.8%
29,2019-20,"26,140",200,"2,120","2,038","2,128","2,170","2,165","2,290","2,245","2,207","2,309","2,264","1,165",987,917,935,"12,591",48.2%,"13,549",51.8%,"4,370",16.7%,"15,437",59.1%,"4,467",17.1%,258,1.0%,"1,025",3.9%,467,1.8%,116,0.4%,"4,344",16.6%,"2,311",8.8%,"19,225",73.5%,65.8%
29,2020-21,"24,612",157,"1,801","1,801","1,983","2,045","2,080","2,104","2,240","2,110","2,172","2,251","1,041","1,033",888,906,"11,810",48.0%,"12,802",52.0%,"4,265",17.3%,"14,046",57.1%,"4,388",17.8%,302,1.2%,"1,010",4.1%,483,2.0%,118,0.5%,"4,115",16.7%,"2,383",9.7%,"17,989",73.1%,65.9%
29,2021-22,"24,266","1,222","1,838","1,667","1,738","1,834","1,919","1,962","2,024","2,009","2,031","2,101","1,173",973,951,824,"11,650",48.0%,"12,616",52.0%,"4,299",17.7%,"13,626",56.2%,"4,512",18.6%,275,1.1%,943,3.9%,428,1.8%,183,0.8%,"3,861",15.9%,"2,365",9.7%,"16,927",69.8%,62.3%
30,2017-18,"41,144",0,"3,230","2,930","2,989","3,038","2,993","2,945","3,141","3,340","3,237","3,111","3,029","2,829","2,191","2,141","20,309",49.4%,"20,835",50.6%,"8,859",21.5%,"2,674",6.5%,"21,888",53.2%,497,1.2%,313,0.8%,"6,784",16.5%,129,0.3%,"6,075",14.8%,"7,044",17.1%,"30,023",73.0%,70.3%
30,2018-19,"40,730",0,"3,219","2,898","2,885","2,897","2,947","2,952","2,967","3,439","3,162","3,242","2,894","2,662","2,329","2,237","20,135",49.4%,"20,595",50.6%,"8,769",21.5%,"2,622",6.4%,"21,494",52.8%,582,1.4%,308,0.8%,"6,821",16.7%,134,0.3%,"6,148",15.1%,"6,565",16.1%,"28,693",70.4%,69.0%
30,2019-20,"39,837",157,"3,056","2,912","2,814","2,781","2,796","2,860","2,923","3,272","3,199","3,120","2,770","2,500","2,336","2,341","19,753",49.6%,"20,084",50.4%,"8,371",21.0%,"2,454",6.2%,"21,055",52.9%,637,1.6%,262,0.7%,"6,851",17.2%,207,0.5%,"6,076",15.3%,"6,094",15.3%,"27,921",70.1%,69.4%
30,2020-21,"37,978",113,"2,806","2,550","2,683","2,635","2,627","2,662","2,830","3,061","3,063","3,163","2,832","2,555","2,183","2,215","18,890",49.7%,"19,088",50.3%,"8,020",21.1%,"2,356",6.2%,"19,852",52.3%,676,1.8%,259,0.7%,"6,600",17.4%,215,0.6%,"5,864",15.4%,"6,464",17.0%,"27,182",71.6%,69.2%
30,2021-22,"37,664","1,452","2,572","2,564","2,462","2,525","2,554","2,514","2,577","2,999","2,826","2,999","2,715","2,674","2,136","2,095","18,707",49.7%,"18,957",50.3%,"7,596",20.2%,"2,314",6.1%,"19,811",52.6%,759,2.0%,261,0.7%,"6,709",17.8%,214,0.6%,"5,551",14.7%,"6,961",18.5%,"25,012",66.4%,65.3%
31,2017-18,"62,537",0,"3,948","4,412","4,610","4,662","4,612","4,669","4,645","4,359","4,229","4,198","4,941","4,929","4,218","4,105","30,610",48.9%,"31,921",51.0%,"6,232",10.0%,"7,975",12.8%,"17,771",28.4%,889,1.4%,298,0.5%,"29,163",46.6%,209,0.3%,"15,090",24.1%,"3,838",6.1%,"36,156",57.8%,51.9%
31,2018-19,"62,265",0,"4,090","4,264","4,518","4,564","4,560","4,555","4,624","4,371","4,371","4,197","4,724","4,619","4,588","4,220","30,549",49.1%,"31,716",50.9%,"6,899",11.1%,"7,735",12.4%,"17,880",28.7%,956,1.5%,292,0.5%,"28,180",45.3%,323,0.5%,"15,258",24.5%,"3,919",6.3%,"35,997",57.8%,52.2%
31,2019-20,"64,054","2,317","3,907","4,286","4,245","4,484","4,527","4,590","4,492","4,369","4,408","4,363","4,846","4,644","4,476","4,100","31,315",48.9%,"32,739",51.1%,"7,823",12.2%,"7,664",12.0%,"18,544",29.0%,"1,086",1.7%,302,0.5%,"28,433",44.4%,202,0.3%,"15,478",24.2%,"3,939",6.1%,"36,593",57.1%,54.2%
31,2020-21,"63,051","2,366","3,730","4,033","4,230","4,156","4,413","4,485","4,499","4,295","4,339","4,427","4,763","4,652","4,545","4,118","30,819",48.9%,"32,232",51.1%,"8,213",13.0%,"7,524",11.9%,"18,320",29.1%,"1,116",1.8%,300,0.5%,"27,274",43.3%,304,0.5%,"15,184",24.1%,"4,377",6.9%,"36,259",57.5%,53.9%
31,2021-22,"61,838","2,597","3,743","3,955","4,067","4,118","4,057","4,333","4,421","4,103","4,275","4,301","4,666","4,591","4,657","3,954","30,191",48.8%,"31,647",51.2%,"9,161",14.8%,"7,283",11.8%,"18,003",29.1%,"1,146",1.9%,290,0.5%,"25,672",41.5%,283,0.5%,"14,529",23.5%,"4,598",7.4%,"35,715",57.8%,53.5%
32,2017-18,"11,537",0,"1,012",687,758,856,853,907,930,"1,004","1,078","1,053",581,625,582,611,"5,616",48.7%,"5,921",51.3%,248,2.1%,"1,948",16.9%,"9,000",78.0%,14,0.1%,51,0.4%,254,2.2%,22,0.2%,"2,405",20.8%,"2,241",19.4%,"10,426",90.4%,88.5%
32,2018-19,"11,029",0,"1,082",639,678,700,814,818,905,"1,040",991,"1,054",588,600,561,559,"5,357",48.6%,"5,672",51.4%,243,2.2%,"1,837",16.7%,"8,600",78.0%,19,0.2%,51,0.5%,259,2.3%,20,0.2%,"2,343",21.2%,"2,038",18.5%,"9,818",89.0%,87.2%
32,2019-20,"11,807",784,"1,134",648,668,690,688,799,869,993,"1,037","1,017",691,655,590,544,"5,786",49.0%,"6,021",51.0%,248,2.1%,"1,759",14.9%,"9,105",77.1%,20,0.2%,54,0.5%,315,2.7%,306,2.6%,"2,264",19.2%,"2,272",19.2%,"10,094",85.5%,88.1%
32,2020-21,"11,204",731,"1,014",538,651,656,674,679,789,956,961,"1,019",669,676,625,566,"5,427",48.4%,"5,777",51.6%,245,2.2%,"1,766",15.8%,"8,602",76.8%,91,0.8%,54,0.5%,307,2.7%,139,1.2%,"2,207",19.7%,"2,260",20.2%,"9,549",85.2%,87.5%
32,2021-22,"11,181",777,972,615,618,696,677,703,731,919,930,989,694,654,623,583,"5,405",48.3%,"5,776",51.7%,220,2.0%,"1,690",15.1%,"8,812",78.8%,42,0.4%,56,0.5%,310,2.8%,51,0.5%,"2,024",18.1%,"2,714",24.3%,"9,091",81.3%,82.6%
75,2017-18,"24,864",0,325,"1,455","1,638","1,831","1,838","1,951","1,866","1,588","1,636","1,559","1,987","1,776","1,544","3,870","6,643",26.7%,"18,221",73.3%,"1,971",7.9%,"9,014",36.3%,"9,953",40.0%,180,0.7%,425,1.7%,"3,316",13.3%,5,0.0%,"24,470",98.4%,"5,540",22.3%,"21,643",87.0%,89.1%
75,2018-19,"25,479",0,388,"1,540","1,794","1,737","1,890","1,866","1,969","1,754","1,632","1,602","1,933","1,818","1,487","4,069","6,819",26.8%,"18,659",73.2%,"2,204",8.7%,"9,038",35.5%,"10,278",40.3%,208,0.8%,458,1.8%,"3,290",12.9%,3,0.0%,"25,075",98.4%,"5,794",22.7%,"22,031",86.5%,89.0%
75,2019-20,"26,174",187,245,"1,749","1,823","1,914","1,814","1,925","1,862","1,874","1,756","1,658","1,944","1,741","1,509","4,173","6,941",26.5%,"19,233",73.5%,"2,393",9.1%,"9,126",34.9%,"10,671",40.8%,245,0.9%,431,1.6%,"3,272",12.5%,36,0.1%,"25,806",98.6%,"5,957",22.8%,"22,922",87.6%,90.0%
75,2020-21,"26,524",133,275,"1,727","1,937","1,901","1,898","1,804","1,891","1,755","1,895","1,732","1,875","1,782","1,474","4,445","7,025",26.5%,"19,499",73.5%,"2,517",9.5%,"9,229",34.8%,"10,850",40.9%,243,0.9%,425,1.6%,"3,247",12.2%,13,0.0%,"26,231",98.9%,"5,801",21.9%,"23,255",87.7%,89.5%
75,2021-22,"25,937",153,207,"1,570","1,902","1,876","1,816","1,806","1,694","1,809","1,630","1,813","1,845","1,749","1,511","4,556","6,925",26.7%,"19,012",73.3%,"2,654",10.2%,"8,809",34.0%,"10,596",40.9%,267,1.0%,427,1.6%,"3,176",12.2%,8,0.0%,"25,624",98.8%,"6,003",23.1%,"22,510",86.8%,88.5%
79,2017-18,"5,092",0,0,0,0,0,0,0,0,3,15,184,345,"3,800",105,640,"1,876",36.8%,"3,216",63.2%,562,11.0%,"1,963",38.6%,"2,149",42.2%,29,0.6%,76,1.5%,313,6.1%,0,0.0%,862,16.9%,622,12.2%,"3,807",74.8%,86.0%
79,2018-19,"5,100",0,0,0,0,0,0,0,0,8,24,130,282,"3,779",92,785,"1,765",34.6%,"3,335",65.4%,531,10.4%,"1,891",37.1%,"2,253",44.2%,21,0.4%,75,1.5%,329,6.5%,0,0.0%,874,17.1%,716,14.0%,"3,724",73.0%,85.0%
79,2019-20,"9,025",0,0,0,0,0,0,0,1,3,25,175,338,"3,948",566,"3,969","3,360",37.2%,"5,665",62.8%,884,9.8%,"3,151",34.9%,"4,206",46.6%,32,0.4%,147,1.6%,598,6.6%,7,0.1%,"1,872",20.7%,"1,410",15.6%,"6,992",77.5%,86.8%
79,2020-21,"7,234",0,0,0,0,0,0,0,0,3,9,146,270,"3,693",457,"2,656","2,713",37.5%,"4,521",62.5%,691,9.6%,"2,577",35.6%,"3,329",46.0%,25,0.3%,100,1.4%,508,7.0%,4,0.1%,"1,606",22.2%,"1,051",14.5%,"5,758",79.6%,87.0%
79,2021-22,"5,055",0,0,0,0,0,0,0,0,2,96,113,231,"2,218",339,"2,056","1,723",34.1%,"3,332",65.9%,456,9.0%,"1,857",36.7%,"2,313",45.8%,24,0.5%,66,1.3%,338,6.7%,1,0.0%,"1,199",23.7%,729,14.4%,"3,839",75.9%,85.3%
84,2017-18,"113,528",0,533,"11,445","12,016","11,447","10,857","10,032","9,584","9,887","9,042","8,251","6,784","5,601","4,314","3,735","57,761",50.9%,"55,766",49.1%,"2,946",2.6%,"60,025",52.9%,"43,171",38.0%,980,0.9%,"1,148",1.0%,"4,978",4.4%,280,0.2%,"20,002",17.6%,"7,859",6.9%,"92,292",81.3%,75.6%
84,2018-19,"119,551",0,524,"12,001","12,103","11,765","10,955","10,196","10,568","10,871","9,568","8,690","6,954","6,480","4,764","4,112","60,958",51.0%,"58,593",49.0%,"3,256",2.7%,"61,792",51.7%,"46,552",38.9%,"1,113",0.9%,"1,358",1.1%,"5,199",4.3%,281,0.2%,"21,281",17.8%,"8,264",6.9%,"96,585",80.8%,75.4%
84,2019-20,"129,668",0,572,"13,217","13,130","12,313","11,798","10,928","11,152","12,087","10,677","9,320","7,553","6,867","5,556","4,498","65,986",50.9%,"63,682",49.1%,"3,732",2.9%,"65,654",50.6%,"51,836",40.0%,"1,228",0.9%,"1,433",1.1%,"5,516",4.3%,269,0.2%,"23,257",17.9%,"9,256",7.1%,"104,010",80.2%,78.1%
84,2020-21,"138,648",0,636,"13,122","13,775","13,331","12,526","11,982","11,474","12,952","12,093","10,584","7,746","7,269","6,065","5,093","70,093",50.6%,"68,555",49.4%,"4,292",3.1%,"68,676",49.5%,"56,084",40.5%,"1,543",1.1%,"1,556",1.1%,"6,052",4.4%,445,0.3%,"25,299",18.2%,"10,755",7.8%,"112,037",80.8%,78.0%
84,2021-22,"139,752",0,863,"12,299","13,122","13,154","12,688","11,963","11,694","12,849","12,336","11,538","8,075","7,221","6,248","5,702","70,506",50.5%,"69,246",49.5%,"4,526",3.2%,"67,765",48.5%,"57,427",41.1%,"1,907",1.4%,"1,526",1.1%,"6,106",4.4%,495,0.4%,"25,075",17.9%,"12,655",9.1%,"111,488",79.8%,77.5%
